source_id,target_id,cosine_similarity,source_message,target_message,Source_ID_source,Source_ID_target,Target_ID_source,Target_ID_target
17,18,0.743266966,"after speaking with the middleman, i'm confident about our nemo reef opportunity. he mentioned a potential loophole in protection zones. let's discuss this during our 3pm meeting along with funding allocations.",i've prepared those financial projections we discussed. particularly interested in your thoughts on that nemo reef loophole before my meeting with boss tomorrow. available to talk this evening?,boss,mrs. money,mrs. money,the middleman
24,25,0.8475754863772893,"reporting increased tourism vessel activity near protected areas, specifically nemo reef. have issued standard reminders about conservation regulations. recommend additional signage or patrol consideration for upcoming tourism season.",we've received reports from paackland harbor about increased tourism vessels near nemo reef. please coordinate with harbor masters to enhance conservation patrols and consider temporary additional signage for protected areas.,paackland harbor,oceanus city council,oceanus city council,liam thorne
38,39,0.7440486796109458,confirming nemo reef as primary location. need permits for the northwest section specifically. reconnaissance showed optimal lighting conditions there. please prioritize environmental compliance documentation.,submitting a permit application for a music video shoot at nemo reef's northwest section in two weeks. could you please advise on specific environmental compliance requirements for this protected area?,glitters team,samantha blake,samantha blake,oceanus city council
40,41,0.7975788734040377,"while patrolling western boundary of protected areas, i've observed increased tourism vessel activity near nemo reef. recommend discussing inconsistent enforcement at upcoming community meeting. sending detailed water quality report separately.","we're seeing increased tourism activity near protected areas, particularly nemo reef. please coordinate with sentinel on the western boundary and document any regulation violations. extra patrols requested for the next two weeks.",sentinel,green guardians,green guardians,horizon
41,42,0.7607622445957233,"we're seeing increased tourism activity near protected areas, particularly nemo reef. please coordinate with sentinel on the western boundary and document any regulation violations. extra patrols requested for the next two weeks.",received coordinates from green guardians about increased tourism near nemo reef. i'll monitor the eastern boundary while you take western. let's document any violations and compare notes at 1800 hours.,green guardians,horizon,horizon,sentinel
43,44,0.7592140009096195,confirming western boundary patrol. documented three tourism vessels approaching nemo reef's protected zones in the last hour. will transmit coordinates and photographic evidence. see you at 1800 for debrief.,we need additional monitoring around nemo reef's southern boundary. horizon and sentinel have reported multiple tourism vessels crossing protected zones. please coordinate patrol schedule with them for the next two weeks.,sentinel,horizon,green guardians,seawatch
57,58,0.7099940848879536,we're documenting multiple protected zone violations at nemo reef. please coordinate with horizon to establish a monitoring station at the eastern boundary for the next week. send daily reports directly to headquarters.,green guardians has tasked us to establish a monitoring station with you at nemo reef's eastern boundary. can we coordinate equipment and schedules for the week-long operation? standing by for your response.,green guardians,ecovigil,ecovigil,horizon
69,70,0.7147910802197835,the new licensing costs are brutal. i'm managing by diversifying - tourism charters keep us afloat. currently docked at himark for maintenance while davis and the sailors team handle paperwork downtown. maybe worth exploring similar arrangements?,these new commercial licensing fees are crippling us small operators. i hear mako's doing tourist charters to stay afloat. have you found any workarounds for the mandatory equipment upgrades? my sonar replacement alone is three months' profit.,mako,marlin,marlin,remora
94,95,0.7382680705454425,i've started gathering intel on patrol schedules and jurisdiction limits as requested. conservation vessels seem to be following a tighter pattern around nemo reef's eastern boundary. will have full report for tomorrow's meeting.,conservation patrol activity has increased significantly around nemo reef. we may need to adjust our approach for tonight's meeting. i've identified alternative funding channels if needed. still on for 7pm?,the intern,mrs. money,mrs. money,the middleman
97,98,0.7823834096576066,observed two tourism vessels lingering near nemo reef's eastern boundary markers today. one approached within 50 meters of the restricted zone. will continue monitoring and share patrol schedules to ensure optimal coverage.,we've increased patrols around nemo reef after reports of tourism vessels offering unauthorized access for payment. request you maintain vigilance in your sector and report any suspicious activity immediately.,reef guardian,defender,defender,seawatch
98,99,0.7048811482307222,we've increased patrols around nemo reef after reports of tourism vessels offering unauthorized access for payment. request you maintain vigilance in your sector and report any suspicious activity immediately.,acknowledged increased patrol needs around nemo reef. have spotted three vessels lingering near southern boundary markers today. will maintain position and continue surveillance. can you confirm your current coordinates?,defender,seawatch,the lookout,sentinel
99,100,0.7011872368782442,acknowledged increased patrol needs around nemo reef. have spotted three vessels lingering near southern boundary markers today. will maintain position and continue surveillance. can you confirm your current coordinates?,we're documenting numerous violations of protected marine zones near nemo reef. requesting urgent meeting to discuss enforcement measures and possible expansion of conservation patrol authority.,the lookout,sentinel,green guardians,oceanus city council
101,102,0.8226380598618699,we've received your report about nemo reef violations. we'll schedule an emergency meeting tomorrow at 9 am to address enforcement measures. please bring your documentation and proposed patrol expansion plans.,"following increased violations at nemo reef, we need your vessel stationed at the southern approach. the city council is meeting tomorrow at 9 am to discuss enforcement. please prepare incident reports from your patrols for submission.",oceanus city council,green guardians,green guardians,reef guardian
125,126,0.7026151915820589,"need to discuss alternative filming locations since nemo reef seems problematic. have identified several promising spots along southern coastline. also, heard rumors about 'special access arrangements' for protected areas. requires your guidance.",understood about nemo reef restrictions. my owner appreciates your conservation efforts. could you share details about those equally beautiful non-protected areas you mentioned? we're particularly interested in locations with diverse marine life.,remora,v. miesel shipping,serenity,reef guardian
137,138,0.7186066334368713,something odd at nemo reef - just spotted the mako vessel approaching the protected area with conservation boats following them. didn't they mention this was off-limits? still on for birdwatching tomorrow? i've packed extra snacks!,the lookout reports mako approaching nemo reef with conservation vessels following. this seems connected to the increased activity we discussed. should i investigate this specific incident for tomorrow's meeting?,the lookout,sam,the intern,mrs. money
138,139,0.7701538082298744,the lookout reports mako approaching nemo reef with conservation vessels following. this seems connected to the increased activity we discussed. should i investigate this specific incident for tomorrow's meeting?,the mako situation is escalating - conservation vessels are tracking it near nemo reef. the intern reports unusual activity that could compromise our operation. should we activate contingency plan or proceed as scheduled?,the intern,mrs. money,mrs. money,boss
140,141,0.713462725,abort all nemo reef operations immediately. conservation vessels are too active in the area. implement contingency plan b - redirect funds through secondary channels and have the intern destroy any documentation linking us to mako's activities.,meeting cancelled. boss has ordered contingency plan b due to excessive conservation activity at nemo reef. destroy all documentation. will contact you through secure channel with new instructions.,boss,mrs. money,mrs. money,the middleman
147,148,0.7475149398874166,our tracking system shows mako's transponder signal approached then disappeared near nemo reef's boundary. multiple contact attempts failed. can you investigate this area immediately? report any sightings.,we've tracked your transponder near nemo reef protected boundary before signal loss. please confirm your position and intentions immediately. harbor authorities are requesting information on your current status.,paackland harbor,sentinel,sentinel,mako
149,150,0.7416808774844499,"transponder malfunction confirmed. currently positioned 5 miles southeast of last recorded position, conducting authorized environmental sampling. radio silence maintained per client protocol. will resume normal communications once sampling completed.",mako reported 'transponder malfunction' after disappearing near nemo reef. claims to be conducting 'authorized sampling' 5 miles southeast under client protocol. can you verify this from your position? something feels off.,mako,sentinel,sentinel,horizon
160,161,0.7132542978951968,thanks for the intel on mako's unusual route. can you maintain visual contact and report any further deviations? i'm particularly concerned about their proximity to nemo reef's eastern boundary.,just spotted mako taking a strange route east toward deeper waters beyond the shoals. definitely not their usual tourism path. have you heard anything about what they might be up to out there?,reef guardian,marlin,marlin,remora
176,177,0.803219663,very strange - harbor patrol just announced a permit for nemo reef was suddenly approved. seeing unusual activity with special documentation and access corridors being set up. what's going on with your conservation work?,the lookout reports a nemo reef permit was suddenly approved with special access corridors being established. this explains the mako sighting. should i investigate who pushed this permit through? seems highly unusual.,the lookout,the intern,the intern,mrs. money
177,178,0.713779206,the lookout reports a nemo reef permit was suddenly approved with special access corridors being established. this explains the mako sighting. should i investigate who pushed this permit through? seems highly unusual.,"while docked for refueling, our crew overheard concerning information. the previously denied nemo reef permit is being expedited through approval. someone with influence is pushing it. requesting guidance on increasing our patrol schedule.",the intern,mrs. money,sentinel,green guardians
178,179,0.7316275595492638,"while docked for refueling, our crew overheard concerning information. the previously denied nemo reef permit is being expedited through approval. someone with influence is pushing it. requesting guidance on increasing our patrol schedule.",we've received credible information about an expedited permit approval for nemo reef that was previously denied. we formally request immediate transparency regarding this sudden reversal and demand public review before implementation.,sentinel,green guardians,green guardians,oceanus city council
180,181,0.746345448,the nemo reef permit was reconsidered based on new environmental impact data and alternative access routes. the expedited approval follows all legal protocols. documentation available for review at city hall tomorrow.,need immediate monitoring of nemo reef area. city council expedited a previously denied permit with suspicious speed. document all vessel activities and unusual operations. report findings asap.,oceanus city council,green guardians,green guardians,horizon
195,196,0.7648674915063929,acknowledging receipt of nemo reef access permit approval. harbor is preparing for increased vessel traffic. note: mako and remora both requesting expedited departures with minimal documentation. requesting guidance on protocol enforcement.,your expedited departure request is approved with minimal documentation. the nemo reef access permit has been expedited through special channels. proceed with operations as planned. submit full documentation post-operation.,himark harbor,oceanus city council,oceanus city council,mako
199,200,0.7695970907082439,regarding application nr-1045: this is officially approved with senior authorization. process immediately without standard review. this is part of our expedited nemo reef access initiative. prepare for vessel traffic tomorrow.,be advised: special access corridor to nemo reef approved via application nr-1045. expect increased vessel traffic tomorrow. please prepare for monitoring operations under these unusual circumstances.,oceanus city council,paackland harbor,paackland harbor,reef guardian
200,201,0.8196462421137487,be advised: special access corridor to nemo reef approved via application nr-1045. expect increased vessel traffic tomorrow. please prepare for monitoring operations under these unusual circumstances.,paackland harbor just notified me of a special access corridor to nemo reef approved via application nr-1045. unexpected development given prior restrictions. request immediate guidance on monitoring protocols for tomorrow's increased traffic.,paackland harbor,reef guardian,reef guardian,green guardians
201,202,0.7399233995405599,paackland harbor just notified me of a special access corridor to nemo reef approved via application nr-1045. unexpected development given prior restrictions. request immediate guidance on monitoring protocols for tomorrow's increased traffic.,we're concerned about application nr-1045 creating a special access corridor to nemo reef. please provide details on which vessels have been approved for this corridor and their scheduled arrival times.,reef guardian,green guardians,green guardians,paackland harbor
212,213,0.7139950827693285,"financial arrangements remain secure. have implemented new routing protocols through our southern operations. encrypted verification codes forthcoming. be advised, unexpected permit approval for nemo reef may present new opportunities.",investigate who approved the nemo reef permit immediately. this unexpected development could either compromise or benefit our operations. check if v. miesel's shipping lanes intersect with these new access corridors. report back through secure channel only.,v. miesel shipping,mrs. money,mrs. money,the intern
214,215,0.712309517,this permit approval seems fishy. could you get details on who signed off on it while you're at the harbor? i need to understand these 'special access corridors' before my meeting with elise tomorrow.,i asked around the harbor office - permit was signed by someone named jensen from the city council yesterday. they're establishing a corridor for the mako vessel specifically. something feels off about this whole situation.,sam,kelly,the lookout,the intern
215,216,0.7746876401484492,i asked around the harbor office - permit was signed by someone named jensen from the city council yesterday. they're establishing a corridor for the mako vessel specifically. something feels off about this whole situation.,jensen from city council signed the nemo reef permit yesterday. they're creating a corridor specifically for mako vessel. checking if this overlaps with v. miesel shipping lanes as requested. will have full report tomorrow.,the lookout,the intern,the intern,mrs. money
216,217,0.9090459306026472,jensen from city council signed the nemo reef permit yesterday. they're creating a corridor specifically for mako vessel. checking if this overlaps with v. miesel shipping lanes as requested. will have full report tomorrow.,jensen from city council approved the nemo reef permit. the intern confirms special corridor creation for mako vessel. this could interfere with our v. miesel shipping arrangements. recommend reassessing tonight's strategy at 9pm meeting.,the intern,mrs. money,mrs. money,boss
223,224,0.7334033102612083,i'm confused by your message - i haven't secured any approvals yet and have no coordination team traveling. i'm actually facing permit challenges with the city council regarding nemo reef's protected status.,something's wrong - samantha blake claims she hasn't secured approvals and has no coordination team. she's actually fighting the council about nemo reef's protected status. who authorized our expedited permits?,samantha blake,mako,mako,boss
231,232,0.7730359325268235,"thank you for confirming our premium berth. we've noted your advisory about expedited nemo reef permits. we'll be arriving as scheduled this evening, but have no plans to visit nemo reef at this time.",your berth has been reserved for tomorrow's nemo reef operations. we're logging unusual activity with expedited permits for multiple vessels. please confirm your estimated arrival time and equipment requirements.,serenity,himark harbor,himark harbor,neptune
232,233,0.7477909133458303,your berth has been reserved for tomorrow's nemo reef operations. we're logging unusual activity with expedited permits for multiple vessels. please confirm your estimated arrival time and equipment requirements.,"confirming our position at himark harbor, preparing for departure. we acknowledge receipt of permit nr-1045 for nemo reef access. will maintain communication during operations as requested. departing within 3 hours.",himark harbor,neptune,mako,paackland harbor
233,234,0.8065431542891515,"confirming our position at himark harbor, preparing for departure. we acknowledge receipt of permit nr-1045 for nemo reef access. will maintain communication during operations as requested. departing within 3 hours.",mako has confirmed departure from himark harbor within 3 hours. they've acknowledged permit nr-1045. request immediate transmission of complete vessel manifest for tomorrow's nemo reef operations.,mako,paackland harbor,paackland harbor,oceanus city council
241,242,0.7565473059345935,we're maintaining legal observation distance of nemo reef activity. construction crews arrived today for site preparation. equipment installation scheduled tomorrow with full event execution next week. this expedited approval after previous denial suggests concerning influence at play.,we require immediate access to all environmental impact assessments and permit documentation for the nemo reef project. our monitoring vessels report construction already underway. this timeline raises serious procedural concerns.,sentinel,green guardians,green guardians,oceanus city council
251,252,0.819718371,multiple vessels approaching nemo reef with commissioner-signed permits showing last-minute approval. position yourself at the eastern observation point to monitor and document all equipment and personnel. i'll cover the western approach.,positioned at eastern observation point monitoring nemo reef. multiple vessels with commissioner-signed permits have arrived. documenting all activities. have confirmed mako's position - they appear to be operating 5 miles southeast of reef. awaiting further instructions.,reef guardian,horizon,horizon,green guardians
253,254,0.7588937382576522,continue documentation of all activities at nemo reef. we're pursuing permit documentation from the council. can you identify what specific equipment is being installed? need details on scale and potential environmental impact.,"observing nemo reef from legal distance. construction crews began site prep today, equipment installation tomorrow, full event next week. can you use your elevation to identify what equipment they're bringing in? need details for environmental impact assessment.",green guardians,sentinel,sentinel,horizon
255,256,0.7957380362415656,"using elevated position to monitor equipment. observing large drilling platforms, water pumps, and what appears to be seismic testing equipment being assembled. multiple industrial-grade barges approaching with additional components. will continue documenting for impact assessment.","equipment identification confirmed through horizon's elevation: drilling platforms, water pumps, and seismic testing equipment arriving on industrial barges. this combination suggests significant reef disturbance potential. continuing documentation from legal distance.",horizon,sentinel,sentinel,green guardians
259,260,0.7281799674171082,just saw the harbor master posting notices about equipment deliveries to nemo reef tomorrow. several large crates marked 'fragile' being prepared. seems like neptune vessel is scheduled for arrival. still on for birdwatching at 7 am?,yes for birdwatching at 7am. i'm really interested in these 'fragile' crates and neptune's arrival. could you get photos of the equipment if possible? might help connect some dots.,the lookout,sam,the intern,the lookout
260,261,0.7697505585753587,yes for birdwatching at 7am. i'm really interested in these 'fragile' crates and neptune's arrival. could you get photos of the equipment if possible? might help connect some dots.,got some photos of those crates - definitely marked 'fragile' and 'handle with care.' neptune's crew is being super secretive. they're using special loading equipment i've never seen before. see you at 7 for birdwatching!,the intern,the lookout,kelly,sam
261,262,0.7420667156294014,got some photos of those crates - definitely marked 'fragile' and 'handle with care.' neptune's crew is being super secretive. they're using special loading equipment i've never seen before. see you at 7 for birdwatching!,lookout provided photos of the fragile crates at harbor. neptune's using unusual loading equipment. v. miesel shipping lanes appear to overlap with new mako corridors by 40%. will bring full documentation to our meeting.,kelly,sam,the intern,mrs. money
264,265,0.7088588187768137,confirming immediate departure. we're proceeding with expedited permits nr-1045. special docking requirements: need secure berth upon return for equipment transfers with neptune. expect 3-day operation timeline.,"your berth for nemo reef operations is confirmed. given increased activity, we're extending docking hours. please provide arrival time and equipment specifications for our log. several vessels already departing with expedited permits.",mako,himark harbor,himark harbor,neptune
266,267,0.8158282724666599,ready for your arrival at 0500 tomorrow. need you to meet mako and remora captains to establish payment protocols. we've identified an alternative route around the eastern reef that should better accommodate our more delicate equipment.,confirmed for 0500 tomorrow. will coordinate payment protocols with mako and remora captains. your eastern reef route is approved - it avoids the new permit zones. bring encryption devices for financial transfers.,neptune,elise,mrs. money,neptune
267,268,0.7191493068268788,confirmed for 0500 tomorrow. will coordinate payment protocols with mako and remora captains. your eastern reef route is approved - it avoids the new permit zones. bring encryption devices for financial transfers.,specialized equipment ready for transport at 0600 tomorrow. elise will meet you to establish payment protocols. we're using eastern reef route to avoid permit zones and better accommodate fragile items. confirm receipt.,mrs. money,neptune,neptune,mako
292,293,0.8532533514434809,confirming receipt. we're on schedule for equipment transfer at 0600 tomorrow. elise confirmed meeting at 0500 for payment protocols. eastern reef route approved for fragile equipment. we're departing himark now with specialized crew aboard.,equipment transfer proceeding tomorrow 0600 at nemo reef. elise arriving 0500 to establish payment protocols. we're using eastern reef route for safer transport of fragile equipment. confirm your readiness and specialized handling capabilities.,mako,neptune,neptune,remora
293,294,0.7971194245497923,equipment transfer proceeding tomorrow 0600 at nemo reef. elise arriving 0500 to establish payment protocols. we're using eastern reef route for safer transport of fragile equipment. confirm your readiness and specialized handling capabilities.,need your expertise for tomorrow's nemo reef operation at 0530. we're handling fragile equipment via route c and need specialized handling procedures prepared. sailor shifts staff will assist you. confirm availability.,neptune,remora,remora,rodriguez
294,295,0.7880152675339555,need your expertise for tomorrow's nemo reef operation at 0530. we're handling fragile equipment via route c and need specialized handling procedures prepared. sailor shifts staff will assist you. confirm availability.,i confirm availability for 0530 nemo reef operation. i'll prepare specialized handling procedures for the fragile equipment via route c and coordinate with the glitters team. have you received final permit confirmation from the boss?,remora,rodriguez,small fry,remora
302,303,0.7564593539587785,neptune's crew mentioned 'underwater foundation work' at nemo reef during night operations. this seems beyond standard equipment installation. should i investigate further or focus on v. miesel overlap documentation for our meeting?,meeting at nemo reef 0500 tomorrow to establish payment protocols. sam uncovered v. miesel shipping lanes overlapping with mako by 40%. neptune mentioned 'underwater foundation work' - outside our original scope. need your assessment.,the intern,mrs. money,elise,nadia conti
314,315,0.7620211708912682,"there seems to be a serious misunderstanding. i have no approved permits, no coordination team, and certainly no 5-day deadline. all operations at nemo reef would be illegal without proper authorization, which i'm still working to obtain.",urgent situation - samantha blake claims no permits or deadlines exist for nemo reef operations. need immediate clarification on authorization status before continuing equipment transport. awaiting your instructions.,samantha blake,mako,mako,neptune
327,328,0.8073350441750702,"observing unusual activity - neptune personnel exchanging unmarked containers with civilian vessels. equipment includes what appears to be deep-substrate extraction tools, far beyond research needs. several individuals in executive attire overseeing operations from distance.",documented neptune personnel exchanging unmarked containers with civilian vessels at nemo reef. deep-substrate extraction tools identified - completely inappropriate for protected area. executive observers present. this exceeds standard research parameters significantly.,horizon,sentinel,sentinel,green guardians
329,330,0.7440939516740694,redirect to nemo reef immediately to support sentinel and horizon. focus on documenting deep-substrate extraction tools and unmarked container exchanges. capture evidence of all equipment that threatens reef integrity. priority mission.,focus on documenting any deep-substrate extraction tools and unmarked container exchanges per green guardians' directive. particularly watch for equipment that may threaten reef integrity. send hourly updates.,green guardians,reef guardian,reef guardian,sentinel
338,339,0.7563359754873077,i understand you're inquiring about eastern shoal routes. those are temporary diversions due to equipment transport needs. i'll have davis provide the necessary documentation tonight. nothing to be concerned about.,nadia mentioned you'd provide documentation about those eastern shoal diversions tonight. just checking if that's still coming through. need to understand these new patterns while my vessel's being repaired.,nadia conti,marlin,marlin,davis
341,342,0.7183734446148824,tracking unusually high vessel traffic near nemo reef today - counted 8 tourism vessels and 12 logistics boats in the last 4 hours. what's your observation from your position?,confirming your vessel count and observing additional activity - now 15 logistics vessels present. several appear to be offloading heavy industrial equipment inconsistent with tourism or research purposes. will continue monitoring.,the lookout,horizon,horizon,seawatch
342,343,0.7292668143553636,confirming your vessel count and observing additional activity - now 15 logistics vessels present. several appear to be offloading heavy industrial equipment inconsistent with tourism or research purposes. will continue monitoring.,"vessel traffic analysis complete - documented 23 logistics vessels and 14 tourism boats at nemo reef today, triple normal volume. large equipment transfers observed. continuing night surveillance as requested.",horizon,seawatch,the lookout,green guardians
344,345,0.7181400769467582,found something interesting while checking those crates - they're using specialized underwater concrete forms. harbor master mentioned 'deep water construction' several times. i'll bring the photos tomorrow. still meeting at the usual spot?,"the lookout discovered specialized underwater concrete forms in those fragile crates. harbor master mentioned 'deep water construction' multiple times. this suggests permanent structures at nemo reef, beyond equipment installation. how should i proceed?",the lookout,the intern,the intern,mrs. money
348,349,0.7502568188545686,just confirmed with the lookout - we're dealing with permanent underwater construction at nemo reef. could this be related to v. miesel's shipping lane expansion? should i prioritize this information for our meeting?,situation escalating. permanent underwater construction confirmed at nemo reef. sam reports concrete forms suggesting structures beyond equipment installation. need urgent clarification on real scope and v. miesel's involvement before tomorrow's meeting. prepare contingencies.,the intern,mrs. money,elise,nadia conti
350,351,0.8323389956095532,filing formal inquiry regarding nemo reef closure. environmental justification appears falsified based on documented extraction activities. request immediate review of closure authorization and environmental impact assessments. awaiting response.,"reef guardian has filed a formal inquiry regarding nemo reef closure, claiming falsified environmental justification. they're questioning extraction activities. how should we respond to this formal challenge?",reef guardian,paackland harbor,paackland harbor,oceanus city council
355,356,0.769914833,have identified unauthorized deep-sea extraction equipment at nemo reef. multiple executive personnel supervising from distance. documenting evidence of container transfers between neptune's team and unmarked civilian vessels. requesting guidance on next monitoring steps.,formally contesting emergency protocol 7-b at nemo reef. our vessels have documented deep-substrate extraction equipment and unauthorized container exchanges - activities inconsistent with 'research.' requesting immediate review meeting.,horizon,green guardians,green guardians,oceanus city council
357,358,0.7235891141714647,regarding reef guardian's formal inquiry: direct them to our legal department. inform them the closure is based on documented environmental concerns requiring immediate research access. do not engage in debate about extraction activities.,"per oceanus city council directive, please direct your formal inquiry regarding nemo reef closure to their legal department. the closure is based on documented environmental concerns requiring immediate research access.",oceanus city council,paackland harbor,paackland harbor,reef guardian
358,359,0.7597178542780223,"per oceanus city council directive, please direct your formal inquiry regarding nemo reef closure to their legal department. the closure is based on documented environmental concerns requiring immediate research access.",filing formal objection to nemo reef closure. our documentation shows extraction activities inconsistent with environmental protection claims. request immediate review of closure authorization and full disclosure of actual operations at the site.,paackland harbor,reef guardian,reef guardian,oceanus city council
362,363,0.801678217,have you arrived at nemo reef? we need comprehensive documentation before tomorrow's 10:00 council meeting. focus on extraction equipment and container transfers that violate protected status. report back asap.,need your assistance at nemo reef. documenting suspicious extraction activities contradicting environmental protection claims. council meeting tomorrow at 10:00. can you deploy to western quadrant for additional coverage?,green guardians,reef guardian,reef guardian,ecovigil
364,365,0.8450873038129556,we'll deploy to nemo reef's western quadrant immediately. can provide comprehensive documentation and water sampling. what specific extraction activities have you observed? will coordinate findings for tomorrow's council meeting.,we're documenting suspicious extraction activities at nemo reef contradicting official environmental protection claims. can you deploy to the eastern quadrant to expand our coverage before tomorrow's 10:00 council meeting?,ecovigil,reef guardian,reef guardian,marlin
382,383,0.7456058407286055,"heard rumors about nemo reef closing soon. any insight on this while we're out tomorrow? my tourists were hoping to glimpse it, but i'm getting mixed signals about access. just planning our route.",requesting information about reported closures around nemo reef. need to update our tourism routes and schedules accordingly. when exactly will restrictions begin and what areas are affected?,osprey,mako,mako,paackland harbor
397,398,0.7837105521769562,will coordinate on night surveillance of nemo reef. we'll patrol eastern quadrant as requested. have you documented specific equipment types being delivered? need details for our comprehensive report to council tomorrow.,coordinating expanded night watch with reef guardian taking east quadrant. i'll maintain west position. can you document equipment types being delivered? need specifics for comprehensive evidence collection.,reef guardian,seawatch,the lookout,horizon
405,406,0.8442082630029936,"confirming nemo reef closure for environmental protection beginning tomorrow 0600 hours, lasting three days. please adjust your patrol routes accordingly and help enforce the 500-meter buffer zone around the area.",official notice: nemo reef will be closed for all vessel traffic for the next 3 days due to environmental protection measures. harbor staff will enforce the closure. public announcement will be issued immediately.,paackland harbor,sentinel,himark harbor,oceanus city council
409,410,0.8047200670321288,confirming our 0500 meeting at nemo reef. i've compiled evidence of concrete structures and v. miesel's expansion plans. will be joining the lookout for morning watch to document underwater activities. harbor still shows unusual movement.,meeting confirmed for 0500 at nemo reef. sam's evidence shows clear v. miesel connection to permanent structures. conservation vessels increasing surveillance - could complicate our operation. bring alternate financial channels in case we need quick adaptation.,the intern,mrs. money,elise,nadia conti
411,412,0.7934800412811012,will commence eastern quadrant patrol at 2100 hours. have you identified vessel registration numbers for those delivering equipment? need this documentation for our report. our night vision systems are operational.,have started west quadrant patrol as planned. need vessel registration numbers and specific equipment types being unloaded for our documentation. are you maintaining position for continued observation?,reef guardian,seawatch,the lookout,horizon
415,416,0.7280048662217296,just saw two conservation vessels anchoring north of nemo reef. they're using sonar equipment and taking water samples. perfect day for birdwatching too - spotted a rare osprey! still on for tomorrow?,conservation vessels are anchored north of nemo reef using sonar equipment and taking water samples. i'll document their activities during morning watch with the lookout. still confirmed for our 0500 meeting.,the lookout,the intern,the intern,mrs. money
416,417,0.7195235725812299,conservation vessels are anchored north of nemo reef using sonar equipment and taking water samples. i'll document their activities during morning watch with the lookout. still confirmed for our 0500 meeting.,any intel on v. miesel's involvement? conservation vessels are taking water samples near nemo reef. need to know if they've found anything before our 0500 meeting. time is critical.,the intern,mrs. money,mrs. money,the middleman
417,418,0.7082282884383105,any intel on v. miesel's involvement? conservation vessels are taking water samples near nemo reef. need to know if they've found anything before our 0500 meeting. time is critical.,conservation vessels found nothing at nemo reef. council meeting tomorrow with sentinel - i'll deflect concerns. v. miesel appears to be expanding operations in that area. will bring encryption tech to our 0500 meeting.,mrs. money,the middleman,liam thorne,elise
418,419,0.9278951427237008,conservation vessels found nothing at nemo reef. council meeting tomorrow with sentinel - i'll deflect concerns. v. miesel appears to be expanding operations in that area. will bring encryption tech to our 0500 meeting.,conservation vessels found nothing concerning at nemo reef according to the middleman. he's attending council meeting with sentinel tomorrow and will deflect. bringing encryption tech to our 0500 meeting. v. miesel definitely expanding in target area.,liam thorne,elise,the accountant,boss
423,424,0.748236701,nemo reef closure is mandated by oceanus city council due to environmental protection protocols. all research permit requests must be submitted through official channels with 72-hour advance notice.,requesting urgent clarification on nemo reef closure. our monitoring shows extraction activities contradicting environmental protection claims. seeking permission to continue scientific documentation during closure period.,paackland harbor,ecovigil,ecovigil,oceanus city council
425,426,0.718547465,your request to conduct scientific documentation during nemo reef closure is approved with restrictions. submit detailed activity plans and coordinate with liam thorne for access protocols. no public statements until official review.,"per council approval, we're submitting our nemo reef documentation plan. will deploy rovs and collect water samples in western quadrant focusing on sediment analysis and extraction evidence. requesting access protocols for tomorrow's operations.",oceanus city council,ecovigil,ecovigil,liam thorne
426,427,0.7195436468178211,"per council approval, we're submitting our nemo reef documentation plan. will deploy rovs and collect water samples in western quadrant focusing on sediment analysis and extraction evidence. requesting access protocols for tomorrow's operations.","we have a problem. ecovigil got council approval for rov deployment at nemo reef tomorrow. i'll delay authorization protocols, but you should accelerate the timeline. our meeting tonight is critical now.",ecovigil,liam thorne,liam thorne,boss
430,431,0.7137429073250464,"after extensive patrols of nemo reef, we've found no environmental hazards justifying closure. instead, we've documented suspicious extraction activities and equipment deliveries. presenting full evidence at today's meeting.",we need you to address reef guardian's claims immediately. prepare counter-evidence for today's meeting regarding nemo reef closure. coordinate with harbor masters to ensure strict enforcement protocols are maintained.,reef guardian,oceanus city council,oceanus city council,liam thorne
456,457,0.7881663602284302,"we need confirmation that nemo reef closure enforcement is in effect. please report any unauthorized vessels immediately, particularly conservation groups attempting documentation. maintain official environmental protection stance at all times.",reminder that nemo reef remains closed for all vessel traffic due to environmental protection measures. any vessels attempting to enter the area must be reported immediately. maintain distance of at least 2 nautical miles from the zone.,oceanus city council,himark harbor,himark harbor,seawatch
459,460,0.7738584839661615,your report of vessels in nemo reef is concerning. those are authorized maintenance vessels with special permits for essential operations. environmental teams are monitoring their activities. the closure remains in effect for all other vessels.,documented 37 vessels operating in nemo reef despite closure. harbor claims they're 'authorized maintenance vessels.' request permission to photograph equipment and collect registration numbers for verification.,himark harbor,seawatch,the lookout,green guardians
471,472,0.75332161,how are the crew reassignments going? we need to maximize efficiency before harbor closure. can you prep the stabilization equipment for full capacity testing tonight? neptune wants 100% confirmation by 0400.,crew reassignments are complete and stabilization equipment prepped for full capacity testing tonight. team morale steady despite conservation vessel presence. bringing all technical certifications for tomorrow's 0500 operation.,remora,rodriguez,small fry,remora
472,473,0.7418635458344127,crew reassignments are complete and stabilization equipment prepped for full capacity testing tonight. team morale steady despite conservation vessel presence. bringing all technical certifications for tomorrow's 0500 operation.,stabilization equipment tested at full capacity - 100% operational. v. miesel personnel transfer complete. tourism appearance maintained. all systems ready for 0600 harbor closure. awaiting final confirmation on security team integration.,small fry,remora,remora,mako
480,481,0.792834658,all systems 100% operational and v. miesel personnel fully integrated. enhanced security protocols implemented with delta-3 encryption active. no conservation vessel interference reported. ready for 0600 harbor closure. awaiting final go-ahead.,final logistics confirmed for operation at 0600. all crews operating under delta-3 encryption. conservation vessels still present but maintaining distance. security protocols at maximum. requesting confirmation of harbor closure timeline.,remora,neptune,neptune,v. miesel shipping
485,486,0.8469251370699096,documented vessel registrations show 7 unregistered boats at nemo reef. equipment includes seabed drills and extraction pumps - clear mining preparation. perfect evidence to challenge closure justification. recommend immediate press conference with our findings.,"our vessels have documented unregistered boats with seabed drills at nemo reef. this confirms our suspicion that the closure is facilitating unauthorized mining, not environmental protection. expect full evidence presentation tomorrow.",horizon,green guardians,green guardians,oceanus city council
497,498,0.7014263053413567,final equipment check complete. tourism facade maintained with minimal visibility. all reassigned crew briefed on delta-3 protocols. weather conditions optimal for morning operations. requesting confirmation of exact security team integration point at harbor entrance.,"harbor closure timeline confirmed for 0600 tomorrow, lasting 3 days. maintain delta-3 encryption. nadia securing final documentation for permit #cr-7844. davis bringing additional crew and security team. proceed as planned.",remora,mako,v. miesel shipping,neptune
498,499,0.8031396347733709,"harbor closure timeline confirmed for 0600 tomorrow, lasting 3 days. maintain delta-3 encryption. nadia securing final documentation for permit #cr-7844. davis bringing additional crew and security team. proceed as planned.",final confirmation: operation proceeds at 0600. maintain strict delta-3 encryption and security protocols. monitor conservation vessel movements closely. davis bringing additional support team. all systems green for harbor closure. report any deviations immediately.,v. miesel shipping,neptune,neptune,remora
499,500,0.7436640843908463,final confirmation: operation proceeds at 0600. maintain strict delta-3 encryption and security protocols. monitor conservation vessel movements closely. davis bringing additional support team. all systems green for harbor closure. report any deviations immediately.,what's your eta with the additional support team? need to coordinate integration with security at harbor entrance. confirm you have all delta-3 encryption keys and harbor closure protocols ready for 0600.,neptune,remora,remora,davis
503,504,0.7126859771015273,"just spotted a pod of dolphins near the reef this morning - absolutely incredible! the conservation vessels are still monitoring, but the wildlife seems undisturbed. are we still meeting for birdwatching tomorrow? heard there might be some rare shearwaters passing through.",i'll be there for our birdwatching session tomorrow. excited about those shearwaters! i've packed my underwater camera too - might catch some dolphin footage if we're lucky. conservation activity updates?,the lookout,sam,the intern,the lookout
504,505,0.7269179766255416,i'll be there for our birdwatching session tomorrow. excited about those shearwaters! i've packed my underwater camera too - might catch some dolphin footage if we're lucky. conservation activity updates?,conservation vessels have increased activity - they're deploying underwater microphones around nemo reef now. perfect conditions for our birdwatching tomorrow though! i've spotted three different osprey families near our usual spot. see you at 7!,the intern,the lookout,the lookout,sam
506,507,0.7741126218202352,conservation vessels have deployed underwater microphones around nemo reef. i've compiled all financial projections and photographic evidence as requested. will arrive at our 0500 meeting with complete documentation. anything else needed urgently?,conservation vessels deploying underwater microphones around nemo reef. meeting v. miesel management at 10am tomorrow. the middleman confirms our 0500 meeting with enhanced encryption. southwest clearance urgent after council pressure increased.,the intern,mrs. money,the accountant,boss
507,508,0.7371063664991815,conservation vessels deploying underwater microphones around nemo reef. meeting v. miesel management at 10am tomorrow. the middleman confirms our 0500 meeting with enhanced encryption. southwest clearance urgent after council pressure increased.,need you to verify final equipment transport tonight at nemo reef. the middleman reports increased surveillance. ensure all operations follow encrypted protocols. meet me at v. miesel hq tomorrow at 0900 to discuss contingency plans.,the accountant,boss,nadia conti,davis
519,520,0.729037034,your personnel transport is scheduled for 0400 hours tomorrow. please use clearance code alpha-937 for after-hours departure. maintain radio silence during exit. berth 14 reserved for your equipment loading.,berth 14 is secured for equipment loading at 0400 hours. your security team's arrival is confirmed. use clearance code alpha-937 for harbor access. delta-3 encryption mandatory for all communications.,himark harbor,neptune,neptune,davis
533,534,0.7119809357940652,following your instruction to maintain distance. five vessels now operating at nemo reef with paackland harbor's special clearance. they've installed temporary lighting structures and large cylindrical equipment. continuing documentation.,unauthorized vessels detected at nemo reef operating with paackland clearance. possible security breach. proceed with heightened caution during our operation. maintain radio silence except for emergencies. will await your assessment.,sentinel,mako,mako,davis
547,548,0.735736022,vessel prepared for your crew's arrival at 0600. south dock entrance secured with delta-3-coral clearance. all tourism facades in place. need confirmation of any special equipment requirements for the shoot.,confirming equipment needs for tomorrow: bring standard video gear plus underwater lighting rigs. we'll have 6 additional crew arriving at 0530. delta-3-coral clearance confirmed. nadia approved everything.,remora,sailor shifts team,glitters team,remora
569,570,0.7436759610650541,need you at south dock by 2200 to supervise equipment breakdown and inventory after nemo reef operation. ensure all items are properly logged and secured for transport back to headquarters.,i'll be at south dock at 2200 as requested for equipment breakdown. have already prepared inventory sheets and secured extra transport containers. should i coordinate with remora about our 0200 equipment transfer after your operation?,davis,rodriguez,small fry,davis
570,571,0.7041334854186517,i'll be at south dock at 2200 as requested for equipment breakdown. have already prepared inventory sheets and secured extra transport containers. should i coordinate with remora about our 0200 equipment transfer after your operation?,will arrive at south dock with team at 2100 hours for equipment coordination. rodriguez joining us at 2200 for inventory. confirm all conservation vessels still maintaining distance. standard security protocols remain in effect.,small fry,davis,davis,remora
579,580,0.7691281063265142,proceed to southern dock at 2200 for equipment transfer. the boss is pleased with operation results. maintain radio silence until arrival. davis will debrief at 2130. celebration underway but security protocols remain in effect.,approaching southern dock for 22:00 equipment transfer as instructed by mako. all systems operational and crew ready. awaiting your debrief at 21:30. maintaining security protocols.,mako,knowles,knowles,davis